{"cameraMode":{"drawMode":0,"name":"Shaded","section":"Shading Mode"},"sceneLighting":false,"audioPlay":false,"sceneViewState":{"showFog":true,"showMaterialUpdate":false,"showSkybox":false,"showFlares":true,"showImageEffects":true,"showParticleSystems":true},"in2DMode":false,"pivot":{"x":-12.83625316619873,"y":4.549671173095703,"z":17.283475875854493},"rotation":{"x":-0.1980769783258438,"y":-0.2664370834827423,"z":0.05600639432668686,"w":-0.9416972398757935},"size":11.895589828491211,"orthographic":false}